theta_cycle,theta_univ,theta_mu,theta_sigma2
2016,LV,0.00924641162324094,6.760080916192348e-6
2016,RV,0.013122058346421394,8.270034802793435e-6
2016,Adults,0.03857221629580467,3.79819466270661e-5
