theta_cycle,theta_univ,theta_mu,theta_sigma2
2016,LV,0.014321604903899537,9.609824412788022e-5
2016,RV,0.021749895589114464,1.5966237805893385e-4
2016,Adults,0.03559183973269708,9.529462073128569e-4
