theta_cycle,theta_univ,theta_mu,theta_sigma2
2016,LV,0.014193116876400296,9.577626508296109e-5
2016,RV,0.021697110318940373,1.6188417279317468e-4
2016,Adults,0.03583329315544798,9.497041043604741e-4
