theta_cycle,theta_univ,theta_mu,theta_sigma2
2016,LV,0.009320976352666741,6.804602980458978e-6
2016,RV,0.013159003593130039,8.331728864186035e-6
2016,Adults,0.0386134133684176,3.7574723034262416e-5
