theta_cycle,theta_univ,theta_mu,theta_sigma2
2016,LV,0.008929816417708179,6.826252340607859e-6
2016,RV,0.012845282177052029,8.289604741251528e-6
2016,Adults,0.03823086396530721,3.784218735797067e-5
